{"epoch_reward": 0.057472196749405416, "_timestamp": 1604953228.303576, "_runtime": 21.062034845352173, "_step": 4}
