{"episode_reward": 4.107336722103307, "_step": 2, "_timestamp": 1604865278.133544, "_runtime": 39.6332790851593}
